"HRMS Staff / Employee ID","User ID","Name","Email","Mobile","Department","Designation","Active / Inactive status"
"CFI-004","1782209372289","hr head","himanshuakodiya19@gmail.com","123456","HR","","active"
"CFI-007","1782911515980","Astha Sharma","cfi.astha@gmail.com","7357177016","Information Technology (IT)","","inactive"
"CFI-008","1782967290674","Priyanshu ","hr.ruhannetwork@gmail.com","9012965152","Human Resources (HR)","","archived"
"CFI-010","1782968291659","Himanshu Akodiya","cfi.himanshu@gmail.com","8441998713","Information Technology (IT)","","active"
"RAA-001","1783056303876","Priyanka Soni","cco.rs9group@gmail.com","8655649408","Management","","active"
"RAA-002","1783142709549","Rajesh Verma","coo.rs9group@gmail.com","8655649471","Management","","active"
"RAA-003","1783142831828","Sonam Nama","cfmo.rs9group@gmail.com","8455649485","Management","","active"
"RAA-004","1783143402060","Ali Husain","ali.citiline@gmail.com","9983803101","Administration (Admin)","","active"
"RAA-005","1783143571040","Zafar Husain","zafar.citiline@gmail.com","1234567922","Operations","","active"
"RAA-006","1783144170962","Lakshman Singh","security.rajasthan@gmail.com","1234567898","Administration (Admin)","","active"
"CFI-011","1783403165009","Deepesh Saraswat","ruhan.startupkare@gmail.com","1234567899","Sales","","active"
"RAA-007","1783406790177","Saziya ","nyaymitra.advocate@gmail.com","212121212121","Legal","","archived"
"CFI-012","1783406849901","Rajda mansuri","rrr.backsupport@gmail.com","7878787878","Operations","","archived"
"RNP-001","1786966273443","Jaspal Singh Parihar ","startupkare.jaspal@gmail.com","7240229912","Sales","","archived"
"RNP-002","1786966357056","Neeraj Singh Chauhan ","startupkare.neeraj@gmail.com","7689002371","Sales","","archived"
"RNP-003","1786966436585","Sonoo","startupkare.sonoo@gmail.com","7375862535","Human Resources (HR)","","archived"
"CFI-013","1790408049918","sonali dangi","cfi.sonali@gmail.com","9166746360","Marketing","","active"
"","USER_314915_708","Satish Kumar","control@rs9group.com","","","","active"